age,eggs,study_id,year,age_class
1,0,3,1980,1
1,0,3,1980,1
1,0,3,1980,1
1,0,3,1980,1
1,0,3,1980,1
1,0,3,1980,1
1,0,3,1980,1
1,0,3,1980,1
1,0,3,1980,1
1,0,3,1980,1
1,0,3,1980,1
1,0,3,1980,1
1,0,3,1980,1
1,0,3,1980,1
1,0,3,1980,1
1,0,3,1980,1
1,0,3,1980,1
1,0,3,1980,1
1,0,3,1980,1
1,0,3,1980,1
1,0,3,1980,1
1,0,3,1980,1
1,0,3,1980,1
1,0,3,1980,1
1,0,3,1980,1
1,0,3,1980,1
1,0,3,1980,1
1,0,3,1980,1
1,0,3,1980,1
1,0,3,1980,1
1,0,3,1980,1
1,0,3,1980,1
1,0,3,1980,1
1,0,3,1980,1
1,0,3,1980,1
1,0,3,1980,1
1,0,3,1980,1
1,0,3,1980,1
1,0,3,1980,1
1,0,3,1980,1
1,0,3,1980,1
1,41,3,1980,1
1,3500,3,1980,1
1,591,3,1980,1
1,104,3,1980,1
1,92,3,1980,1
2,0,3,1980,1
2,0,3,1980,1
2,0,3,1980,1
2,0,3,1980,1
2,0,3,1980,1
2,0,3,1980,1
2,0,3,1980,1
2,0,3,1980,1
2,0,3,1980,1
2,0,3,1980,1
2,0,3,1980,1
2,0,3,1980,1
2,0,3,1980,1
2,0,3,1980,1
2,0,3,1980,1
2,0,3,1980,1
2,0,3,1980,1
2,0,3,1980,1
2,0,3,1980,1
2,0,3,1980,1
2,0,3,1980,1
2,0,3,1980,1
2,0,3,1980,1
2,0,3,1980,1
2,0,3,1980,1
2,0,3,1980,1
2,3715,3,1980,1
2,310,3,1980,1
2,1134,3,1980,1
2,14,3,1980,1
2,20,3,1980,1
2,151,3,1980,1
2,681,3,1980,1
2,272,3,1980,1
2,878,3,1980,1
2,47,3,1980,1
3,0,3,1980,1
3,0,3,1980,1
3,0,3,1980,1
3,0,3,1980,1
3,0,3,1980,1
3,0,3,1980,1
3,0,3,1980,1
3,0,3,1980,1
3,0,3,1980,1
3,0,3,1980,1
3,0,3,1980,1
3,0,3,1980,1
3,0,3,1980,1
3,0,3,1980,1
3,0,3,1980,1
3,0,3,1980,1
3,0,3,1980,1
3,0,3,1980,1
3,0,3,1980,1
3,0,3,1980,1
3,0,3,1980,1
3,0,3,1980,1
3,0,3,1980,1
3,0,3,1980,1
3,4,3,1980,1
3,225,3,1980,1
3,1,3,1980,1
3,378,3,1980,1
3,2,3,1980,1
3,386,3,1980,1
3,1,3,1980,1
3,12,3,1980,1
3,24,3,1980,1
3,67,3,1980,1
3,2035,3,1980,1
3,1008,3,1980,1
3,146,3,1980,1
3,5,3,1980,1
3,109,3,1980,1
3,464,3,1980,1
3,1,3,1980,1
3,2,3,1980,1
4,0,3,1980,1
4,0,3,1980,1
4,0,3,1980,1
4,0,3,1980,1
4,0,3,1980,1
4,0,3,1980,1
4,0,3,1980,1
4,0,3,1980,1
4,0,3,1980,1
4,0,3,1980,1
4,0,3,1980,1
4,0,3,1980,1
4,0,3,1980,1
4,0,3,1980,1
4,218,3,1980,1
4,1,3,1980,1
4,5,3,1980,1
4,9,3,1980,1
4,59,3,1980,1
4,325,3,1980,1
4,35,3,1980,1
4,1,3,1980,1
4,744,3,1980,1
4,6,3,1980,1
4,674,3,1980,1
4,431,3,1980,1
4,910,3,1980,1
4,67,3,1980,1
4,1,3,1980,1
4,1,3,1980,1
4,1,3,1980,1
5,0,3,1980,2
5,0,3,1980,2
5,0,3,1980,2
5,0,3,1980,2
5,0,3,1980,2
5,0,3,1980,2
5,0,3,1980,2
5,367,3,1980,2
5,3906,3,1980,2
5,194,3,1980,2
5,5905,3,1980,2
5,2600,3,1980,2
5,337,3,1980,2
5,710,3,1980,2
5,24,3,1980,2
5,5692,3,1980,2
5,785,3,1980,2
5,1489,3,1980,2
5,626,3,1980,2
5,521,3,1980,2
5,120,3,1980,2
5,112,3,1980,2
5,1885,3,1980,2
5,6225,3,1980,2
5,37,3,1980,2
5,1947,3,1980,2
5,1701,3,1980,2
5,7,3,1980,2
5,754,3,1980,2
5,10480,3,1980,2
5,349,3,1980,2
5,3266,3,1980,2
5,766,3,1980,2
5,1972,3,1980,2
5,547,3,1980,2
5,953,3,1980,2
5,148,3,1980,2
5,5508,3,1980,2
5,544,3,1980,2
5,186,3,1980,2
5,9,3,1980,2
5,1686,3,1980,2
5,2530,3,1980,2
6,0,3,1980,2
6,0,3,1980,2
6,0,3,1980,2
6,6964,3,1980,2
6,2955,3,1980,2
6,595,3,1980,2
6,1467,3,1980,2
6,1122,3,1980,2
6,602,3,1980,2
6,1634,3,1980,2
6,23,3,1980,2
6,214,3,1980,2
6,2242,3,1980,2
6,349,3,1980,2
6,97,3,1980,2
6,1170,3,1980,2
6,1534,3,1980,2
6,3541,3,1980,2
6,818,3,1980,2
6,2937,3,1980,2
6,1120,3,1980,2
6,2318,3,1980,2
6,459,3,1980,2
6,4826,3,1980,2
6,4,3,1980,2
6,1480,3,1980,2
6,547,3,1980,2
6,3521,3,1980,2
6,781,3,1980,2
6,394,3,1980,2
6,93,3,1980,2
6,857,3,1980,2
6,1357,3,1980,2
7,0,3,1980,2
7,0,3,1980,2
7,0,3,1980,2
7,0,3,1980,2
7,0,3,1980,2
7,374,3,1980,2
7,44,3,1980,2
7,941,3,1980,2
7,2669,3,1980,2
7,1117,3,1980,2
7,4831,3,1980,2
7,3117,3,1980,2
7,840,3,1980,2
7,2975,3,1980,2
7,1087,3,1980,2
7,665,3,1980,2
7,44,3,1980,2
7,2346,3,1980,2
7,88,3,1980,2
7,10125,3,1980,2
7,264,3,1980,2
7,2365,3,1980,2
7,16,3,1980,2
7,2111,3,1980,2
7,187,3,1980,2
7,1704,3,1980,2
7,928,3,1980,2
7,361,3,1980,2
7,1182,3,1980,2
7,353,3,1980,2
7,4406,3,1980,2
7,1187,3,1980,2
7,4804,3,1980,2
7,7,3,1980,2
7,1489,3,1980,2
7,260,3,1980,2
7,1630,3,1980,2
7,134,3,1980,2
7,3370,3,1980,2
7,6303,3,1980,2
7,1399,3,1980,2
7,851,3,1980,2
7,411,3,1980,2
7,2343,3,1980,2
7,2001,3,1980,2
8,0,3,1980,2
8,0,3,1980,2
8,0,3,1980,2
8,0,3,1980,2
8,8349,3,1980,2
8,384,3,1980,2
8,1276,3,1980,2
8,2792,3,1980,2
8,334,3,1980,2
8,126,3,1980,2
8,719,3,1980,2
8,726,3,1980,2
8,15,3,1980,2
8,9550,3,1980,2
8,3135,3,1980,2
8,13,3,1980,2
8,445,3,1980,2
8,1234,3,1980,2
8,302,3,1980,2
8,1612,3,1980,2
8,39,3,1980,2
8,367,3,1980,2
8,495,3,1980,2
8,2583,3,1980,2
8,4116,3,1980,2
8,3047,3,1980,2
8,34,3,1980,2
8,1611,3,1980,2
8,3577,3,1980,2
8,2,3,1980,2
8,346,3,1980,2
8,1034,3,1980,2
8,461,3,1980,2
8,643,3,1980,2
8,60,3,1980,2
8,307,3,1980,2
8,2320,3,1980,2
8,634,3,1980,2
8,5521,3,1980,2
8,189,3,1980,2
8,4334,3,1980,2
8,2484,3,1980,2
8,1840,3,1980,2
8,1032,3,1980,2
8,2,3,1980,2
9,0,3,1980,2
9,0,3,1980,2
9,818,3,1980,2
9,1980,3,1980,2
9,1351,3,1980,2
9,6,3,1980,2
9,923,3,1980,2
9,1550,3,1980,2
9,2901,3,1980,2
9,247,3,1980,2
9,2714,3,1980,2
9,61,3,1980,2
9,3920,3,1980,2
9,254,3,1980,2
9,239,3,1980,2
9,547,3,1980,2
9,1486,3,1980,2
9,1011,3,1980,2
9,106,3,1980,2
9,2322,3,1980,2
9,637,3,1980,2
9,372,3,1980,2
9,74,3,1980,2
9,6777,3,1980,2
9,3,3,1980,2
9,10,3,1980,2
9,4571,3,1980,2
9,20,3,1980,2
9,866,3,1980,2
9,4552,3,1980,2
9,1216,3,1980,2
9,2353,3,1980,2
9,894,3,1980,2
9,93,3,1980,2
9,138,3,1980,2
9,3577,3,1980,2
9,146,3,1980,2
9,869,3,1980,2
9,12688,3,1980,2
9,2926,3,1980,2
9,2176,3,1980,2
9,53,3,1980,2
9,1189,3,1980,2
9,25,3,1980,2
9,3556,3,1980,2
9,2128,3,1980,2
9,73,3,1980,2
9,193,3,1980,2
9,1,3,1980,2
9,33,3,1980,2
9,5470,3,1980,2
9,2,3,1980,2
13.0287130630712,0,3,1980,3
9.81189072763757,0,3,1980,2
11.7849580866451,0,3,1980,3
9.64808862852009,0,3,1980,2
12.7548586242694,0,3,1980,3
13.3746745705145,0,3,1980,3
10.6080005179887,0,3,1980,3
9.53638684779691,0,3,1980,2
10.1654568171473,0,3,1980,3
9.82528258932266,0,3,1980,2
13.2040489309872,2,3,1980,3
12.0477502324498,658,3,1980,3
13.6685224731366,517,3,1980,3
12.9973975488363,7603,3,1980,3
10.427051360192,17311,3,1980,3
11.3449709123162,1,3,1980,3
9.50462864211238,268,3,1980,2
10.0948217330606,20,3,1980,3
10.6362669992011,1,3,1980,3
12.1067764379031,1,3,1980,3
9.85477103767147,369,3,1980,2
11.4277753451871,2003,3,1980,3
11.2730801581202,1,3,1980,3
9.60561466451231,862,3,1980,2
9.75298431047622,8386,3,1980,2
13.4995976559617,95,3,1980,3
13.2895234209006,1,3,1980,3
11.904209793596,1,3,1980,3
9.8333362289296,3465,3,1980,2
13.4123852351217,12,3,1980,3
11.2318959775104,3601,3,1980,3
10.1155022691912,3044,3,1980,3
13.2606433610587,187,3,1980,3
9.98899519547712,696,3,1980,2
10.0687713433517,107,3,1980,3
11.0034878116915,1570,3,1980,3
11.9819542123017,35324,3,1980,3
9.50505832791389,6,3,1980,2
14.3073825442364,7444,3,1980,3
10.4484591810207,3,3,1980,3
10.7259242639233,58,3,1980,3
9.98941968366892,1,3,1980,2
11.2060799719857,1283,3,1980,3
14.3243789918035,2,3,1980,3
13.5802750618965,1,3,1980,3
14.1748765815994,1,3,1980,3
11.9292217639662,726,3,1980,3
10.0146170748633,1,3,1980,3
10.8095712785353,20204,3,1980,3
12.3531529371078,1,3,1980,3
14.1376818502214,1,3,1980,3
13.1851533230434,5211,3,1980,3
14.3819903482669,31,3,1980,3
10.3143978220743,2,3,1980,3
14.2487337574203,2,3,1980,3
9.61190922023408,1,3,1980,2
10.5748412995919,35,3,1980,3
9.66056490064592,65,3,1980,2
11.7646516051443,17067,3,1980,3
11.0215122884298,124,3,1980,3
9.69469639220415,1,3,1980,2
13.987185269786,1,3,1980,3
10.8709516229335,15,3,1980,3
13.763436439463,6,3,1980,3
13.4342788715853,1,3,1980,3
10.9274190927056,194,3,1980,3
9.58986748967395,3388,3,1980,2
10.5887857934678,576,3,1980,3
12.604431242499,30236,3,1980,3
13.9313658812772,5,3,1980,3
14.3157285460254,17,3,1980,3
14.2093770742244,2919,3,1980,3
13.7382096783825,259,3,1980,3
13.5804288467934,50,3,1980,3
13.5716624127054,1,3,1980,3
13.0994607450345,1,3,1980,3
12.079861901918,1,3,1980,3
9.5053592651666,3699,3,1980,2
11.7521158617007,4582,3,1980,3
12.9882935175023,188,3,1980,3
9.62710942986552,85,3,1980,2
13.9686711302049,1,3,1980,3
9.63404923935069,2,3,1980,2
12.2894193911391,18238,3,1980,3
9.55756185412158,15,3,1980,2
14.340978660544,442,3,1980,3
13.5671410957396,16,3,1980,3
11.9797533285559,7519,3,1980,3
12.1830306047472,2,3,1980,3
14.2773260283764,1353,3,1980,3
14.1001084681435,32051,3,1980,3
11.6482726717049,54,3,1980,3
10.4818536112988,15,3,1980,3
9.82358445823868,91,3,1980,2
11.1402369862757,1,3,1980,3
12.4909299794196,1,3,1980,3
13.34393538572,1,3,1980,3
13.9238231819239,147,3,1980,3
12.132961599791,5309,3,1980,3
12.5171646889126,5022,3,1980,3
10.680126576615,18837,3,1980,3
14.0960898539552,1,3,1980,3
11.476399552086,9579,3,1980,3
10.7539435057649,1489,3,1980,3
13.5357451598509,5,3,1980,3
11.2423520726122,1,3,1980,3
13.2124630283151,2,3,1980,3
14.1665401331893,1,3,1980,3
13.62758256602,26,3,1980,3
10.604951298757,29,3,1980,3
9.51041547311685,1,3,1980,2
9.95831091400899,9353,3,1980,2
11.6023785057642,5,3,1980,3
12.9841407028738,35,3,1980,3
12.1587608937149,844,3,1980,3
14.3678109696311,2,3,1980,3
12.2000319626881,3059,3,1980,3
13.5208617307,7577,3,1980,3
11.3711705899547,1,3,1980,3
12.9457408786824,20169,3,1980,3
12.3451406411512,3501,3,1980,3
9.54127330030844,83,3,1980,2
14.0205501298424,261,3,1980,3
14.1706076378285,10810,3,1980,3
9.77891006139384,1,3,1980,2
12.54712701276,1,3,1980,3
13.2581460246685,5007,3,1980,3
11.9140535363708,76,3,1980,3
12.4555375761173,2,3,1980,3
12.3013314939841,182,3,1980,3
9.76284872797805,6,3,1980,2
13.9541843178513,27,3,1980,3
13.1116354461859,31242,3,1980,3
10.6844309158134,397,3,1980,3
11.2535645693933,2,3,1980,3
13.9571923908828,118,3,1980,3
12.096829487639,165,3,1980,3
12.6729152472751,1,3,1980,3
14.1346688442451,29209,3,1980,3
13.8292916952825,1,3,1980,3
12.9381986733977,9,3,1980,3
10.9649925981857,1951,3,1980,3
10.0377009176908,19230,3,1980,3
13.03571761586,231,3,1980,3
13.088725245801,5,3,1980,3
13.6626163735662,1,3,1980,3
9.68117150693311,1,3,1980,2
10.4004201547499,24,3,1980,3
11.6251616540668,32,3,1980,3
12.3909698452194,20,3,1980,3
9.57659013904362,1,3,1980,2
13.993402084673,1,3,1980,3
14.0623868561661,13581,3,1980,3
11.6707630486334,3478,3,1980,3
13.9287601791552,772,3,1980,3
14.3843847106117,8956,3,1980,3
13.7611361546216,8740,3,1980,3
11.4734120613684,886,3,1980,3
10.6696123165668,1146,3,1980,3
13.6690817551895,44,3,1980,3
9.87665274978844,1,3,1980,2
14.3719752599517,8,3,1980,3
12.1614079181111,1,3,1980,3
9.55760187385015,46,3,1980,2
11.8152721520453,254,3,1980,3
13.9088992813095,2,3,1980,3
11.33416387826,8,3,1980,3
10.0398760736445,1,3,1980,3
11.2529491023113,247,3,1980,3
9.63285030554674,1538,3,1980,2
12.775395874465,144,3,1980,3
11.5498854349055,1,3,1980,3
11.5999703172125,1,3,1980,3
13.0292898359756,4573,3,1980,3
10.7485066439677,1,3,1980,3
14.1598718977838,1309,3,1980,3
10.0876984630193,393,3,1980,3
11.3519248431166,3508,3,1980,3
9.59416957895946,2122,3,1980,2
11.6424478913493,4191,3,1980,3
13.9070495538745,1,3,1980,3
13.6607193093088,1,3,1980,3
14.2544948554757,1,3,1980,3
12.4136576776715,7,3,1980,3
12.0978322392461,1,3,1980,3
14.2483920522152,1283,3,1980,3
11.005288279519,6884,3,1980,3
10.1220206349767,10,3,1980,3
10.8082244317483,1,3,1980,3
14.1177048082589,2,3,1980,3
12.583129004196,13136,3,1980,3
13.4463323132077,1,3,1980,3
10.3299800011188,16067,3,1980,3
9.89246536430412,1,3,1980,2
9.79325233474667,17,3,1980,2
12.6121619232563,21,3,1980,3
12.8624192098999,1221,3,1980,3
10.2042707060174,1631,3,1980,3
11.2818774726965,275,3,1980,3
10.4015835796189,1,3,1980,3
9.54307743741958,1,3,1980,2
9.83719330821633,39,3,1980,2
13.6696574157472,1,3,1980,3
9.54001249155024,76,3,1980,2
14.0617858760949,529,3,1980,3
12.5655218120948,109,3,1980,3
12.771515312541,71,3,1980,3
14.3934435819963,99,3,1980,3
11.8311476954689,2916,3,1980,3
13.0875730469165,5338,3,1980,3
9.70001979001884,1,3,1980,2
10.8567643484238,29487,3,1980,3
13.8576572095208,95,3,1980,3
9.94170859386597,1,3,1980,2
14.3377629406726,1,3,1980,3
13.5917730011509,1101,3,1980,3
12.9697006667605,2205,3,1980,3
10.7176187150277,654,3,1980,3
14.2784421346441,1,3,1980,3
10.0150158846074,6625,3,1980,3
13.9405664739235,1,3,1980,3
9.53548200007146,5106,3,1980,2
9.56553857877615,1,3,1980,2
11.2311865982024,305,3,1980,3
10.1117811114275,503,3,1980,3
10.3299992557458,4,3,1980,3
11.2437159821996,57,3,1980,3
14.196389759881,16,3,1980,3
16.5136551207626,0,3,1980,3
14.5025644876073,0,3,1980,3
19.3357761695789,0,3,1980,3
18.9906967810813,0,3,1980,3
17.0578303705072,0,3,1980,3
14.501639033155,0,3,1980,3
19.1163656859726,0,3,1980,3
19.3475092010216,0,3,1980,3
18.8575319321781,293,3,1980,3
18.3688218298946,6819,3,1980,3
17.1592631127995,5,3,1980,3
14.62777606209,8760,3,1980,3
15.4118296014417,175,3,1980,3
17.2459878437383,2117,3,1980,3
18.2107807873471,2705,3,1980,3
18.1009213587815,3765,3,1980,3
18.4908769664376,74,3,1980,3
17.7689530521389,1548,3,1980,3
14.7633298976704,2531,3,1980,3
16.1211346540607,6683,3,1980,3
18.8525840723416,94,3,1980,3
17.167772008526,421,3,1980,3
17.7685517965281,512,3,1980,3
15.1007438089621,5237,3,1980,3
18.5708882931268,10036,3,1980,3
15.0170593152509,42,3,1980,3
16.7166376548228,2578,3,1980,3
14.678557308834,8238,3,1980,3
18.2602472000946,11,3,1980,3
16.6112707021591,30,3,1980,3
16.845248309549,8751,3,1980,3
17.0580697770535,6144,3,1980,3
16.2467711141279,678,3,1980,3
15.7521300799477,2360,3,1980,3
14.5128481969266,3978,3,1980,3
17.2756459130406,461,3,1980,3
15.9695645889244,740,3,1980,3
18.1391206064063,1325,3,1980,3
16.6712849717525,1768,3,1980,3
14.624564411026,495,3,1980,3
17.3330907853229,3115,3,1980,3
14.6035012944065,4118,3,1980,3
16.1915073256439,265,3,1980,3
15.0314079540611,2995,3,1980,3
16.8178448535469,4297,3,1980,3
16.2488667175981,2694,3,1980,3
14.5000622629118,1484,3,1980,3
14.5296970418414,5485,3,1980,3
15.8192110539895,5814,3,1980,3
19.1927675362588,4178,3,1980,3
16.9012896106156,7,3,1980,3
14.6606784001143,684,3,1980,3
17.5984352040195,8649,3,1980,3
18.1721367327466,152,3,1980,3
19.1737757381641,27,3,1980,3
17.533564587551,7846,3,1980,3
15.5667889041462,5438,3,1980,3
16.678892991685,872,3,1980,3
19.0455378203126,2110,3,1980,3
15.327409596971,5293,3,1980,3
16.0434138015134,919,3,1980,3
16.5814724549614,6365,3,1980,3
18.1230577413261,1847,3,1980,3
14.6109385622593,716,3,1980,3
18.3986728000846,11,3,1980,3
16.3402088501306,51,3,1980,3
17.600533657276,7308,3,1980,3
16.7956393732305,98,3,1980,3
14.5673526631396,89,3,1980,3
15.2521264053164,42,3,1980,3
16.9946246338931,744,3,1980,3
18.6476731407254,753,3,1980,3
18.7740039898949,868,3,1980,3
14.8865400878406,5014,3,1980,3
15.9823706145985,21,3,1980,3
15.2358062915197,3519,3,1980,3
15.3495608004601,21,3,1980,3
15.3467397642884,318,3,1980,3
14.9374179016893,200,3,1980,3
15.2036186119374,5362,3,1980,3
18.9994421807387,15660,3,1980,3
19.1547257701277,12019,3,1980,3
19.1727382693541,3813,3,1980,3
17.0767228773314,1336,3,1980,3
18.6647124773863,6596,3,1980,3
16.7397161887278,3135,3,1980,3
16.6679100872844,6182,3,1980,3
14.8000738099629,2059,3,1980,3
19.1320331556078,214,3,1980,3
15.7808004411585,139,3,1980,3
14.9957439074869,13,3,1980,3
16.1592384603767,8,3,1980,3
17.7367562898596,5206,3,1980,3
14.712487736129,1247,3,1980,3
19.3159267573885,895,3,1980,3
19.3999271950678,264,3,1980,3
19.2792502922589,3158,3,1980,3
19.2692021555623,321,3,1980,3
17.0589901298011,814,3,1980,3
15.5309308520936,14,3,1980,3
18.8267396909174,12557,3,1980,3
18.0213029918073,51,3,1980,3
14.739888440352,5746,3,1980,3
15.1261068537498,2949,3,1980,3
15.8141752449497,189,3,1980,3
18.9716597239113,1662,3,1980,3
15.0668285277302,328,3,1980,3
18.4987510397889,3,3,1980,3
16.7013259549384,1567,3,1980,3
16.719357075855,35,3,1980,3
15.0666745473908,687,3,1980,3
17.0339396474197,73,3,1980,3
17.6327003401931,1515,3,1980,3
18.7302213724678,4289,3,1980,3
17.5856384405059,93,3,1980,3
17.695656991177,1261,3,1980,3
15.8822857223897,123,3,1980,3
16.4584318387625,40,3,1980,3
17.3743700693121,9,3,1980,3
17.6763766932442,1055,3,1980,3
19.2276511389994,4004,3,1980,3
14.9729707059371,5173,3,1980,3
19.2423229087259,1378,3,1980,3
19.3658162938251,1216,3,1980,3
15.2998965545894,5594,3,1980,3
15.7134427769205,1540,3,1980,3
15.0670365089732,1796,3,1980,3
18.6126003919567,365,3,1980,3
14.6560609137215,12809,3,1980,3
19.1091030844033,165,3,1980,3
15.2233407299655,575,3,1980,3
15.0688079448773,582,3,1980,3
18.3819085478896,2,3,1980,3
15.6966230339476,2529,3,1980,3
17.7962439063849,123,3,1980,3
17.4799156966017,2281,3,1980,3
19.3407295661534,2279,3,1980,3
17.7697310484014,3282,3,1980,3
19.2404153103419,7241,3,1980,3
18.8042364252923,420,3,1980,3
18.0484421229587,5365,3,1980,3
14.7497055330524,4,3,1980,3
14.8822198533783,7363,3,1980,3
17.4186040795705,16118,3,1980,3
18.1014376772228,31,3,1980,3
16.778007783545,7,3,1980,3
18.6148325612038,222,3,1980,3
17.4248063801353,61,3,1980,3
14.7410942302613,2846,3,1980,3
18.0084874240004,4098,3,1980,3
14.8376088916362,2319,3,1980,3
17.0375767572326,2154,3,1980,3
16.7260906109582,35,3,1980,3
15.690819337688,73,3,1980,3
15.2686312868672,891,3,1980,3
17.0273209739997,3407,3,1980,3
15.4322821044209,5,3,1980,3
15.6813532675379,4561,3,1980,3
16.7552322451349,217,3,1980,3
16.4275408219542,1294,3,1980,3
19.3997578121267,4977,3,1980,3
14.9240492263522,1011,3,1980,3
19.1544025213037,6025,3,1980,3
17.7782880993032,2,3,1980,3
16.5064495220031,2643,3,1980,3
15.3566839075772,6655,3,1980,3
18.296443064634,282,3,1980,3
19.1983716086519,9208,3,1980,3
14.5265124833104,749,3,1980,3
15.2046712708184,832,3,1980,3
19.2779866108202,1473,3,1980,3
16.2656067795922,240,3,1980,3
19.0385445763747,15,3,1980,3
19.3543134664579,1341,3,1980,3
19.0386171720357,3079,3,1980,3
17.1889622656575,2015,3,1980,3
16.144246543709,33,3,1980,3
14.5131016981918,1950,3,1980,3
16.1118295549622,2289,3,1980,3
18.2921619010762,1329,3,1980,3
14.8838514620375,244,3,1980,3
18.6127625659858,6071,3,1980,3
15.5353002423443,1003,3,1980,3
17.1276893548949,740,3,1980,3
16.1262884513559,2401,3,1980,3
15.6057402704232,635,3,1980,3
17.3624088786926,7750,3,1980,3
19.3583165915886,1957,3,1980,3
15.0546892161705,144,3,1980,3
15.233498640811,2058,3,1980,3
19.1431405554771,519,3,1980,3
17.350406382957,9517,3,1980,3
18.9181592049733,461,3,1980,3
17.2073764907628,72,3,1980,3
18.8894280390785,2262,3,1980,3
16.7127307154106,235,3,1980,3
14.5278150361837,9290,3,1980,3
14.5166388567601,1226,3,1980,3
16.0971633487283,18,3,1980,3
17.6554572879311,1682,3,1980,3
16.5012183731769,382,3,1980,3
18.9032108568247,1,3,1980,3
14.512003397962,108,3,1980,3
18.6065753966392,7258,3,1980,3
19.2085158122487,3265,3,1980,3
22.6964189072491,0,3,1980,4
23.7157697519368,0,3,1980,4
23.0614719955385,0,3,1980,4
20.6477914777587,0,3,1980,4
19.8619234396604,0,3,1980,3
20.1810524514388,0,3,1980,4
20.2749563221677,2334,3,1980,4
21.1653207718746,1636,3,1980,4
22.0359686340842,2493,3,1980,4
20.7529014760461,1184,3,1980,4
23.6336344260417,2157,3,1980,4
24.0300785026307,917,3,1980,4
21.6140402452659,22085,3,1980,4
21.0563677450836,718,3,1980,4
20.9945608878559,4500,3,1980,4
20.9736649466124,42,3,1980,4
20.1276646410779,3965,3,1980,4
20.1467256651762,8216,3,1980,4
20.0175197017316,1715,3,1980,4
20.3901305368715,336,3,1980,4
23.3209295149056,1443,3,1980,4
24.2301093872329,5686,3,1980,4
22.0386766668932,309,3,1980,4
21.9578466105604,13844,3,1980,4
21.5907323260704,12,3,1980,4
20.2460368678454,13299,3,1980,4
19.714002189266,1445,3,1980,3
20.7453491816378,7683,3,1980,4
24.2502885687321,5001,3,1980,4
19.8063637049293,3289,3,1980,3
23.1334662228891,121,3,1980,4
21.4634566142946,1047,3,1980,4
19.9434548508012,8151,3,1980,3
24.3593772430147,27369,3,1980,4
23.907003136974,1653,3,1980,4
24.1153542196273,1300,3,1980,4
23.0841194966571,5,3,1980,4
19.5421943712836,4166,3,1980,3
21.8466816521369,998,3,1980,4
24.0225574453124,4533,3,1980,4
22.0028571469226,1498,3,1980,4
21.2367071015836,10371,3,1980,4
22.8282331384386,2374,3,1980,4
23.1629993631706,8740,3,1980,4
19.7691451315381,1175,3,1980,3
23.0951478976498,16112,3,1980,4
22.5784203459632,936,3,1980,4
20.5192702161114,113,3,1980,4
22.6784462368187,2351,3,1980,4
19.90893079967,1071,3,1980,3
20.4584634497781,561,3,1980,4
23.3425935788809,604,3,1980,4
23.9674669945984,18319,3,1980,4
20.8845210560269,2918,3,1980,4
20.1300943825198,180,3,1980,4
20.576202736366,6415,3,1980,4
23.7621165817526,4074,3,1980,4
22.8779397083571,1480,3,1980,4
22.1502739752539,2536,3,1980,4
24.2804868348281,752,3,1980,4
22.2534216079825,126,3,1980,4
23.8037968473056,42,3,1980,4
23.9002804026887,2448,3,1980,4
23.7061979949586,294,3,1980,4
22.1352510178497,331,3,1980,4
20.28508736771,2679,3,1980,4
20.0947916078193,321,3,1980,4
20.8587630268983,1542,3,1980,4
23.3138541386196,680,3,1980,4
20.8363234696948,6136,3,1980,4
21.480590621162,4834,3,1980,4
20.0013773835026,1,3,1980,4
20.4054470531691,2580,3,1980,4
22.2896212772848,26720,3,1980,4
23.9916840537434,90,3,1980,4
23.220845758957,1563,3,1980,4
20.8067437677889,3726,3,1980,4
23.8843493665074,10619,3,1980,4
23.5906329099369,2784,3,1980,4
23.2180045747501,179,3,1980,4
21.636294863384,499,3,1980,4
20.8784652244035,1,3,1980,4
20.5401486731372,3123,3,1980,4
21.5831284772775,6,3,1980,4
21.3078458851688,4057,3,1980,4
22.2221384018313,1,3,1980,4
21.7725246401485,2081,3,1980,4
22.2012126455511,3199,3,1980,4
22.4100694942026,7121,3,1980,4
22.4339666228098,637,3,1980,4
20.2433923526207,1407,3,1980,4
21.3488429181462,1522,3,1980,4
21.374098477702,409,3,1980,4
22.7498228288799,9465,3,1980,4
20.5851579606152,593,3,1980,4
21.6551497226393,2152,3,1980,4
24.3855052501947,1342,3,1980,4
24.2591490091931,693,3,1980,4
23.4152366344386,2813,3,1980,4
21.9821690858272,8913,3,1980,4
21.773574624122,114,3,1980,4
19.6793278351199,955,3,1980,3
21.6845924491093,978,3,1980,4
23.7925772315165,6242,3,1980,4
24.2794309570784,345,3,1980,4
19.7566373250582,7000,3,1980,3
22.7196281408169,3534,3,1980,4
20.3780704601219,1306,3,1980,4
19.5492923584533,251,3,1980,3
21.4530231201071,4840,3,1980,4
20.9714084843564,1499,3,1980,4
21.8652798410068,683,3,1980,4
19.7364815345404,729,3,1980,3
24.0315127937055,5084,3,1980,4
21.3337238491712,1798,3,1980,4
27.6833361990652,0,3,1980,4
28.8333334217774,0,3,1980,4
27.7693487012837,152,3,1980,4
25.5211168240658,5316,3,1980,4
25.5004597004657,10865,3,1980,4
29.2203421872678,6139,3,1980,4
26.6135891054995,14058,3,1980,4
29.3992233946985,858,3,1980,4
29.3955076206713,735,3,1980,4
25.5010302864041,4205,3,1980,4
29.3999996971131,1417,3,1980,4
26.1360219427442,62,3,1980,4
28.3532508469492,85,3,1980,4
25.5169248765889,2702,3,1980,4
29.1784267989876,11,3,1980,4
27.2633965747813,5781,3,1980,4
26.1043032825144,4,3,1980,4
28.8674225521671,7275,3,1980,4
25.5223686750545,1177,3,1980,4
28.0086671228691,787,3,1980,4
25.7671122700186,13980,3,1980,4
29.37894518609,22,3,1980,4
26.6569261167886,4570,3,1980,4
25.5000021234997,2,3,1980,4
25.5106493428263,1916,3,1980,4
25.5144122341024,27,3,1980,4
25.5022206845547,1620,3,1980,4
26.5135197066824,3,3,1980,4
26.961350421099,3368,3,1980,4
25.5230154002561,11551,3,1980,4
25.5106512968472,1173,3,1980,4
27.6267069282146,1,3,1980,4
27.5693820300167,1,3,1980,4
25.5029918738349,6807,3,1980,4
25.5009348803648,1367,3,1980,4
29.310279445029,1091,3,1980,4
25.5082584620876,19,3,1980,4
29.2894987058966,12033,3,1980,4
27.1439449940141,2042,3,1980,4
25.5000056330076,3992,3,1980,4
29.3997434430466,12997,3,1980,4
26.7439086077832,16446,3,1980,4
25.5174740753228,219,3,1980,4
25.5396792932056,9558,3,1980,4
26.165423524914,844,3,1980,4
25.5000016354715,14495,3,1980,4
25.5425121864548,1102,3,1980,4
25.9047067895407,61,3,1980,4
26.2117943111191,5109,3,1980,4
29.1769252156165,4725,3,1980,4
25.8144174679317,17,3,1980,4
29.1087500392299,8710,3,1980,4
26.9304385691587,3597,3,1980,4
26.6994009559791,342,3,1980,4
28.7376072129438,20170,3,1980,4
25.5000000013412,146,3,1980,4
26.0400794179023,3242,3,1980,4
29.0861221280104,2,3,1980,4
25.5000005098873,1004,3,1980,4
25.8743421594797,1669,3,1980,4
26.8470041949209,3665,3,1980,4
29.3708193567045,1829,3,1980,4
26.2517650364131,765,3,1980,4
25.8504489948125,15036,3,1980,4
25.7020899203387,15,3,1980,4
29.335941369541,20,3,1980,4
26.0905623240996,920,3,1980,4
29.3605716220594,22,3,1980,4
25.5031774192832,165,3,1980,4
29.3961758813904,227,3,1980,4
26.3391150033916,2596,3,1980,4
29.3999298419112,85,3,1980,4
29.3999998316183,1,3,1980,4
25.5003462823221,11750,3,1980,4
25.5777759021281,225,3,1980,4
25.5195983557065,2777,3,1980,4
25.5041422945631,2735,3,1980,4
29.3999662118448,3759,3,1980,4
27.1709709103533,1317,3,1980,4
29.3026950286657,2938,3,1980,4
25.5000883572443,18,3,1980,4
25.8813481239744,13496,3,1980,4
25.5,1,3,1980,4
29.3865736775339,1,3,1980,4
28.1499516425259,35,3,1980,4
28.4074418895897,3460,3,1980,4
29.0812863584382,1132,3,1980,4
29.3998730464945,1217,3,1980,4
25.5000289722568,208,3,1980,4
26.868150912595,123,3,1980,4
25.5000065633886,44,3,1980,4
26.1097606419361,6762,3,1980,4
29.1117583297017,5433,3,1980,4
25.5000000507869,289,3,1980,4
26.7303986394443,391,3,1980,4
29.0911048061753,18,3,1980,4
29.3979438372692,19089,3,1980,4
28.8080905933944,6434,3,1980,4
29.3421332447902,71,3,1980,4
25.5062167849945,250,3,1980,4
29.3130523960292,7817,3,1980,4
29.1094951873135,10,3,1980,4
29.3964483859778,1489,3,1980,4
25.9720965564089,479,3,1980,4
29.3959238601029,6502,3,1980,4
25.5000016514626,446,3,1980,4
25.6679416616971,9038,3,1980,4
29.3999754670725,1005,3,1980,4
25.575902978821,1920,3,1980,4
25.5000498068008,5,3,1980,4
27.7279664645125,2275,3,1980,4
36.3739905312134,0,3,1980,5
37.9498703874926,0,3,1980,5
39.3679491759353,0,3,1980,5
37.0932385423763,0,3,1980,5
29.7976110661718,0,3,1980,4
33.9996756164536,0,3,1980,5
34.5512230001816,0,3,1980,5
31.1885362879723,1688,3,1980,5
38.1836982618133,19691,3,1980,5
38.8599542188347,274,3,1980,5
34.0025577903041,4996,3,1980,5
30.6935446557578,46,3,1980,5
33.10555594239,2,3,1980,5
30.6892993497539,1680,3,1980,5
38.8438125385467,810,3,1980,5
38.368416010116,3109,3,1980,5
35.1677002725577,5494,3,1980,5
32.1218847875173,198,3,1980,5
35.8617805223553,4144,3,1980,5
36.5084104907711,1243,3,1980,5
29.9024250999738,2519,3,1980,4
31.4840682716318,2,3,1980,5
38.0261143776435,4636,3,1980,5
35.4401357874241,2244,3,1980,5
36.5606032190645,1019,3,1980,5
39.1380313655024,1175,3,1980,5
30.4165944439973,309,3,1980,5
38.7646054896575,1269,3,1980,5
37.7707290392392,1880,3,1980,5
37.5629301946306,6,3,1980,5
35.3360023920466,2666,3,1980,5
38.8058552040885,2873,3,1980,5
36.0438652720325,224,3,1980,5
39.0887926702101,1564,3,1980,5
32.930107212226,14982,3,1980,5
39.3757240301603,600,3,1980,5
38.5830604437723,29733,3,1980,5
31.3485120594951,1,3,1980,5
39.367257708933,14580,3,1980,5
38.7091079667718,358,3,1980,5
33.4759582912219,59,3,1980,5
30.2463917661461,3179,3,1980,5
35.9933578283082,9113,3,1980,5
38.518133171568,1172,3,1980,5
38.0643898171286,1,3,1980,5
35.1958731965613,11,3,1980,5
32.7068756613605,125,3,1980,5
34.8657854120626,1607,3,1980,5
35.7138016967376,3090,3,1980,5
36.8920843476207,7,3,1980,5
38.9769167317564,2406,3,1980,5
31.0673843288713,11778,3,1980,5
31.2769360768157,211,3,1980,5
36.2321428700261,234,3,1980,5
38.6730612440377,50,3,1980,5
35.3008932602538,5491,3,1980,5
39.2676751177735,8076,3,1980,5
39.1560620904257,1942,3,1980,5
33.930540253945,2537,3,1980,5
31.9362815531537,4488,3,1980,5
39.2339090614298,3403,3,1980,5
38.1045010812053,3702,3,1980,5
31.5986711332879,1461,3,1980,5
30.6680602010255,3859,3,1980,5
35.8917380363104,2021,3,1980,5
36.6639470010021,12,3,1980,5
34.2040558781863,12701,3,1980,5
33.0606153516106,1946,3,1980,5
29.7853557755186,2835,3,1980,4
36.5418954254972,248,3,1980,5
29.5722658279311,1777,3,1980,4
32.5171344260596,10609,3,1980,5
39.2324291853612,257,3,1980,5
37.4604371310847,448,3,1980,5
39.1957880211971,894,3,1980,5
37.1325201947635,435,3,1980,5
38.696678310865,5009,3,1980,5
39.2223685281737,8585,3,1980,5
29.8861751557211,6036,3,1980,4
34.1040847632593,374,3,1980,5
30.1467750335062,2603,3,1980,5
36.3971752169123,21,3,1980,5
30.1313387270659,2352,3,1980,5
31.1135923238743,23,3,1980,5
33.4406943432291,2197,3,1980,5
38.7072766405231,563,3,1980,5
31.8755035736784,9540,3,1980,5
39.1496754361646,968,3,1980,5
36.8929067332748,1258,3,1980,5
34.6594798138294,9924,3,1980,5
37.2615241884659,926,3,1980,5
30.4810521021314,6997,3,1980,5
31.8527132652082,410,3,1980,5
34.4660656148275,1241,3,1980,5
34.8735928337308,3216,3,1980,5
31.7705866234196,2483,3,1980,5
37.7992740474932,7303,3,1980,5
39.0793803279264,546,3,1980,5
33.2280097769678,4586,3,1980,5
38.6100686154963,15898,3,1980,5
33.9301026994449,37,3,1980,5
37.6420668569293,28,3,1980,5
38.2692280593773,248,3,1980,5
39.2110306549459,749,3,1980,5
30.5673580438819,436,3,1980,5
31.3821885570839,40,3,1980,5
35.8554045004904,3090,3,1980,5
31.0656645015976,3912,3,1980,5
31.5549481326374,5969,3,1980,5
38.968100610814,2757,3,1980,5
31.6937890002918,1667,3,1980,5
38.9944551367931,1008,3,1980,5
35.2252567660085,5295,3,1980,5
39.3727347452509,15523,3,1980,5
29.9693653034559,3828,3,1980,4
38.2881647006148,229,3,1980,5
31.8202858326776,7637,3,1980,5
35.1504812950763,889,3,1980,5
32.4160207538776,2633,3,1980,5
30.5585717416713,7503,3,1980,5
39.1591159194029,24,3,1980,5
34.4532701714469,449,3,1980,5
38.697919667154,1095,3,1980,5
38.396857924895,9,3,1980,5
36.5532166860664,379,3,1980,5
39.0597978460017,750,3,1980,5
36.3445692511791,357,3,1980,5
39.3916763377472,10095,3,1980,5
30.636618106295,1294,3,1980,5
38.3786089335798,1034,3,1980,5
33.0279766590402,1207,3,1980,5
30.74085103023,5113,3,1980,5
36.4203176213522,1717,3,1980,5
30.0145957915727,437,3,1980,5
34.8372329530236,309,3,1980,5
36.1271956841621,2,3,1980,5
37.6074262962403,4435,3,1980,5
38.5364641678469,998,3,1980,5
30.0210636809998,158,3,1980,5
37.3486448074837,8248,3,1980,5
32.1802451431488,2172,3,1980,5
35.2466818885893,2671,3,1980,5
38.7318277714646,12423,3,1980,5
36.9323845947619,309,3,1980,5
34.4806965030364,3991,3,1980,5
32.8377556195454,8207,3,1980,5
38.7239753721489,901,3,1980,5
38.3814789104693,796,3,1980,5
31.3823250785169,574,3,1980,5
39.0067309876753,43,3,1980,5
30.5773561718593,2200,3,1980,5
38.0502676740475,4660,3,1980,5
31.628377581543,39515,3,1980,5
37.7354706507684,1428,3,1980,5
37.2889572563185,253,3,1980,5
32.3159773539252,801,3,1980,5
33.2998624251323,212,3,1980,5
36.0683222912686,38,3,1980,5
37.4050102632584,2424,3,1980,5
38.1976227143306,2686,3,1980,5
31.4813193069883,2349,3,1980,5
38.2996710992273,6,3,1980,5
33.1095152806833,79,3,1980,5
38.7408306788427,7366,3,1980,5
36.930329529458,734,3,1980,5
33.4117487901499,284,3,1980,5
38.8290539590436,1235,3,1980,5
38.502448424534,4797,3,1980,5
29.5235498430602,2809,3,1980,4
38.5416099109254,3194,3,1980,5
38.5380199537662,173,3,1980,5
30.5321389912777,43,3,1980,5
37.9275688274923,1,3,1980,5
38.2925627187328,5572,3,1980,5
39.2250582270115,4188,3,1980,5
32.12445561764,1500,3,1980,5
36.8906684304946,127,3,1980,5
31.3958503976822,151,3,1980,5
36.7504351730748,951,3,1980,5
36.6008989748733,222,3,1980,5
36.3344561310954,65,3,1980,5
31.3713452516985,3305,3,1980,5
37.3782428260835,1147,3,1980,5
39.1944526537013,2029,3,1980,5
34.1116968837565,1092,3,1980,5
34.1655956441393,393,3,1980,5
34.4462916814218,249,3,1980,5
39.3176460842589,511,3,1980,5
38.3110126431751,1346,3,1980,5
38.0541653416465,446,3,1980,5
32.2439630132786,191,3,1980,5
32.0626216236655,2944,3,1980,5
39.3607156404497,18172,3,1980,5
37.9014680726528,854,3,1980,5
35.9538023014434,15371,3,1980,5
31.8818896104126,1649,3,1980,5
37.5632936006468,4324,3,1980,5
39.6077069510467,0,3,1980,5
44.1895054341327,0,3,1980,6
42.0950355615974,0,3,1980,6
41.7083373664178,0,3,1980,6
49.2849059663573,0,3,1980,6
42.0331333628356,15058,3,1980,6
48.8212993230633,31,3,1980,6
48.7804047504746,8,3,1980,6
42.2215632944899,576,3,1980,6
49.3463262158022,5677,3,1980,6
46.6081146467576,11281,3,1980,6
48.1677684313802,5783,3,1980,6
42.4929031437601,3229,3,1980,6
40.5849564142315,17246,3,1980,6
42.9909442905975,512,3,1980,6
48.0859323287268,44,3,1980,6
41.9997382518413,8,3,1980,6
41.46996214886,1305,3,1980,6
48.7068229458378,13783,3,1980,6
44.7774214281668,3053,3,1980,6
40.2848378277485,599,3,1980,6
41.5634372130432,3996,3,1980,6
45.324314281247,19757,3,1980,6
46.3798547096401,2477,3,1980,6
40.1047504403264,8355,3,1980,6
39.9801694392371,1067,3,1980,5
40.3325139575594,63,3,1980,6
43.8120229686482,5752,3,1980,6
47.8518565431901,1090,3,1980,6
45.169488564412,2994,3,1980,6
46.0834896870705,20548,3,1980,6
47.9545979674245,2944,3,1980,6
48.0162809111091,1596,3,1980,6
39.5987343253959,4947,3,1980,5
44.6246186132976,82,3,1980,6
41.0690212445197,42,3,1980,6
46.4650225067292,6,3,1980,6
43.3999214649816,2402,3,1980,6
47.2258328285445,324,3,1980,6
46.2539882437274,11176,3,1980,6
40.5172596846055,52,3,1980,6
39.5463947612967,12829,3,1980,5
47.578291086905,4206,3,1980,6
41.8182374198999,3,3,1980,6
41.3482928419997,8748,3,1980,6
48.7806311537867,1908,3,1980,6
45.8034258937076,420,3,1980,6
40.0636375774582,9999,3,1980,6
42.9037802227354,1743,3,1980,6
40.3123373703371,81,3,1980,6
48.0114088138583,3260,3,1980,6
46.4265461183743,17877,3,1980,6
48.8773850348178,164,3,1980,6
44.6245076498649,517,3,1980,6
44.857187028762,3723,3,1980,6
39.5273591264989,78,3,1980,5
43.2040169449149,28513,3,1980,6
48.2833204700896,47116,3,1980,6
49.2622548337809,3656,3,1980,6
47.8582936752934,4613,3,1980,6
47.7510833057111,15,3,1980,6
39.5736748296586,13084,3,1980,5
48.5439762112505,303,3,1980,6
40.0008259629125,699,3,1980,6
40.4004750790059,3073,3,1980,6
45.4294966269132,3235,3,1980,6
40.0261098144148,8752,3,1980,6
47.7147849235454,11,3,1980,6
42.9785237068392,3,3,1980,6
43.5702074839974,3014,3,1980,6
45.0473968086163,41129,3,1980,6
43.3950940844798,805,3,1980,6
45.5257495994881,1313,3,1980,6
48.5340304363433,15905,3,1980,6
47.763678013141,3107,3,1980,6
49.1521600628554,14803,3,1980,6
41.3773788797107,5468,3,1980,6
49.0283638941978,1146,3,1980,6
41.2009469748497,2,3,1980,6
40.6379467505805,43,3,1980,6
48.5701829185697,15299,3,1980,6
47.8433038105023,81,3,1980,6
46.5823571803271,32,3,1980,6
45.1981050416613,25193,3,1980,6
48.4057002650657,11164,3,1980,6
46.6016109206223,4333,3,1980,6
43.4928800872337,8927,3,1980,6
45.2493377300538,7492,3,1980,6
41.4130119883518,4296,3,1980,6
40.3960965172844,524,3,1980,6
41.034592368578,17,3,1980,6
43.1335768448256,1811,3,1980,6
39.9552342425265,2529,3,1980,5
39.5211431452258,22,3,1980,5
49.132655638408,2377,3,1980,6
49.3164816485452,5122,3,1980,6
47.1367605393173,6913,3,1980,6
49.3016673062096,2002,3,1980,6
46.7749290658024,7076,3,1980,6
39.5931011274647,68,3,1980,5
41.8825928378124,19039,3,1980,6
47.3327903807087,17,3,1980,6
41.0100724796447,7032,3,1980,6
45.8568355435545,11,3,1980,6
41.4733977055021,14790,3,1980,6
39.7714322602327,694,3,1980,5
41.9702244004788,282,3,1980,6
40.6125235341477,291,3,1980,6
46.060570444227,1261,3,1980,6
49.3964581215495,1501,3,1980,6
47.3519719160418,3164,3,1980,6
43.3506585531128,28101,3,1980,6
39.5635611603107,1042,3,1980,5
46.1933940308615,3638,3,1980,6
48.7074017151467,23994,3,1980,6
46.5332536401752,9262,3,1980,6
44.6144222625746,4634,3,1980,6
44.8430021621536,8,3,1980,6
41.3772160660509,238,3,1980,6
42.2707572142616,74,3,1980,6
42.8143069411219,22,3,1980,6
47.5271809673316,10,3,1980,6
45.5269318887427,3,3,1980,6
39.5204442257954,456,3,1980,5
48.6197769668202,21,3,1980,6
47.6016903771516,1254,3,1980,6
44.7679966340482,244,3,1980,6
45.0047988192689,9240,3,1980,6
45.8652771592084,3899,3,1980,6
42.3158572756125,6261,3,1980,6
47.8163271321144,607,3,1980,6
45.2953986862524,3765,3,1980,6
49.1642794649193,17903,3,1980,6
42.2505470502008,169,3,1980,6
45.6084931794849,8245,3,1980,6
40.0944226131819,12686,3,1980,6
44.8377448864684,2630,3,1980,6
40.8966125910527,20,3,1980,6
49.2437381050045,2336,3,1980,6
42.430063841724,4340,3,1980,6
47.5911805381727,3332,3,1980,6
46.5065357187748,529,3,1980,6
46.8003598699694,873,3,1980,6
49.3127280728326,8892,3,1980,6
47.4463446967317,6999,3,1980,6
45.7673005317786,11807,3,1980,6
45.3904825121189,8,3,1980,6
45.4883693152279,33,3,1980,6
44.7709696631634,6255,3,1980,6
45.8237495278887,1933,3,1980,6
49.3165540067493,6491,3,1980,6
40.4479202726826,3530,3,1980,6
44.5656671018867,277,3,1980,6
45.0059045854975,8780,3,1980,6
41.3406759276537,4432,3,1980,6
39.6286166791438,838,3,1980,5
43.4608388272686,7405,3,1980,6
43.39011885486,3226,3,1980,6
48.7118392860225,59,3,1980,6
40.4111927303047,6047,3,1980,6
43.4773348038975,11236,3,1980,6
43.4664923845644,16294,3,1980,6
51.0213776708546,0,3,1980,7
52.0402075285321,0,3,1980,7
58.6098231546285,0,3,1980,7
49.6255309323047,0,3,1980,6
55.9086128136042,3742,3,1980,7
53.6238417507477,4331,3,1980,7
57.7066432650423,3651,3,1980,7
58.2780753456074,99,3,1980,7
57.2405819411067,11086,3,1980,7
56.2282102196686,2443,3,1980,7
58.0257765983004,4517,3,1980,7
53.4893411602712,23110,3,1980,7
50.9488261181026,760,3,1980,7
56.0007759951355,1,3,1980,7
58.2453098018154,717,3,1980,7
56.8485261006548,376,3,1980,7
54.6595446938866,7183,3,1980,7
50.5364250844396,5,3,1980,7
58.4058256155588,723,3,1980,7
51.5512188271846,8123,3,1980,7
52.6256803957949,16,3,1980,7
55.0410425705751,1924,3,1980,7
51.9789357008075,27965,3,1980,7
58.3827600386938,30,3,1980,7
56.02779991905,964,3,1980,7
57.4603847101437,13608,3,1980,7
57.8052794900376,5127,3,1980,7
54.7914886861296,972,3,1980,7
58.7541610123296,12105,3,1980,7
56.4534198114686,3331,3,1980,7
52.9643244622023,1622,3,1980,7
49.8966205427859,5,3,1980,6
56.4536491746898,2706,3,1980,7
55.6438499609625,11661,3,1980,7
51.8628921447357,667,3,1980,7
54.670545974961,6140,3,1980,7
52.7065498870301,31192,3,1980,7
56.4229193197249,826,3,1980,7
54.9267042681662,7845,3,1980,7
53.2111950960634,267,3,1980,7
59.3116464286953,1468,3,1980,7
54.2423235707164,131,3,1980,7
57.5951862156791,96,3,1980,7
55.9505728862175,7226,3,1980,7
57.3424391080794,4167,3,1980,7
58.4464160066804,62,3,1980,7
58.3589386441806,2876,3,1980,7
49.794880593344,13950,3,1980,6
55.5495164231922,19342,3,1980,7
57.9277540659639,2084,3,1980,7
56.7621131765107,22480,3,1980,7
59.094224627867,2501,3,1980,7
49.6400702804406,503,3,1980,6
50.3323279386755,10,3,1980,7
58.7188005853128,6,3,1980,7
51.38043194814,4548,3,1980,7
52.139509393096,1,3,1980,7
57.9377273716029,3352,3,1980,7
49.917806647606,13572,3,1980,6
50.4196250620149,8957,3,1980,7
59.1351742246833,5533,3,1980,7
52.4406971648667,13,3,1980,7
50.6877212922128,246,3,1980,7
55.0954294361121,42265,3,1980,7
54.5345479341061,9125,3,1980,7
57.4928943077558,1544,3,1980,7
58.0933585760656,54,3,1980,7
58.7327526295267,6821,3,1980,7
50.7378980157679,5330,3,1980,7
53.8603317323089,148,3,1980,7
58.2757005822586,49,3,1980,7
56.1188376007345,1185,3,1980,7
53.6462373570348,29,3,1980,7
55.437266001935,412,3,1980,7
55.8073661326436,6,3,1980,7
55.9174347683583,4388,3,1980,7
50.4962210013473,1426,3,1980,7
52.4200132388197,4054,3,1980,7
58.6562315441152,1079,3,1980,7
55.6615331031921,556,3,1980,7
58.9217314993113,1798,3,1980,7
50.5466122640944,1281,3,1980,7
53.8241469650384,7238,3,1980,7
58.2450859183824,2432,3,1980,7
50.0808024526398,6189,3,1980,7
52.2384032256805,2094,3,1980,7
57.9212648138988,366,3,1980,7
57.9432451605956,52,3,1980,7
58.3691448007605,137,3,1980,7
53.4973192618297,7,3,1980,7
53.9292988762731,4075,3,1980,7
56.6142982757545,4338,3,1980,7
57.9690763732876,3109,3,1980,7
53.8435549658516,2112,3,1980,7
57.9651093322881,17237,3,1980,7
59.3954196397622,2139,3,1980,7
49.6780342898136,563,3,1980,6
53.2771189500806,6520,3,1980,7
52.2461754432356,3506,3,1980,7
49.9815466897361,265,3,1980,6
57.6971879137123,28086,3,1980,7
57.2284577963917,9574,3,1980,7
49.8587190045852,19458,3,1980,6
56.0653778798207,656,3,1980,7
58.7984644699709,1319,3,1980,7
49.6815441995024,3247,3,1980,6
59.3471815277012,502,3,1980,7
50.1730745007381,1583,3,1980,7
58.0155229154158,4180,3,1980,7
57.0187886898439,4,3,1980,7
53.6091103842534,13615,3,1980,7
53.8815649684848,6297,3,1980,7
56.7728676713207,3681,3,1980,7
58.6355069607136,11812,3,1980,7
56.4173094403799,19030,3,1980,7
57.7840858299162,2,3,1980,7
57.2553707873277,8513,3,1980,7
50.8366953614828,2100,3,1980,7
58.1701178358651,83,3,1980,7
54.5308428861384,18,3,1980,7
52.66061196359,10788,3,1980,7
57.8880602549818,1298,3,1980,7
50.0553540755785,5394,3,1980,7
53.3291430418057,3920,3,1980,7
52.2448814369974,466,3,1980,7
50.7153273492663,28390,3,1980,7
59.3309210966042,958,3,1980,7
54.126701436972,98,3,1980,7
52.2814783458988,43,3,1980,7
57.0595016026383,11482,3,1980,7
62.6969836613886,0,3,1980,8
68.7390946318743,0,3,1980,8
68.8472506875479,0,3,1980,8
63.0549841839307,7197,3,1980,8
63.5351560007362,345,3,1980,8
61.1080103512795,4678,3,1980,8
59.5053638075299,1,3,1980,7
62.3709425687123,11,3,1980,8
68.5703973145814,8934,3,1980,8
64.3689172890604,1155,3,1980,8
63.8770886780747,3375,3,1980,8
62.799586553342,2,3,1980,8
61.3050872325591,5,3,1980,8
62.7910703350492,10009,3,1980,8
66.3962972219349,476,3,1980,8
61.2018423218974,2036,3,1980,8
68.5331140328995,252,3,1980,8
62.4305798757209,12923,3,1980,8
62.510759094005,1,3,1980,8
65.3343814396861,6573,3,1980,8
62.7534622923366,100,3,1980,8
67.1940828439777,20261,3,1980,8
60.5145632635876,383,3,1980,8
67.9654287607728,6282,3,1980,8
66.2561033653388,1,3,1980,8
60.8368930409471,21706,3,1980,8
67.6616172184123,959,3,1980,8
65.2210925443743,32659,3,1980,8
62.6934833357506,237,3,1980,8
61.7004256464452,1891,3,1980,8
68.3609722436124,15,3,1980,8
60.0706121808738,2,3,1980,8
60.9148822067164,57,3,1980,8
65.0560151283258,573,3,1980,8
59.9210513231053,2528,3,1980,7
63.1306232328524,314,3,1980,8
59.6243245260888,289,3,1980,7
60.0559634647777,1513,3,1980,8
63.4874956675773,120,3,1980,8
69.2963364937066,140,3,1980,8
66.73813278752,25813,3,1980,8
66.8091654525587,5498,3,1980,8
68.6541435564833,2897,3,1980,8
67.2882273714914,155,3,1980,8
69.1399811175426,5985,3,1980,8
68.9537085734676,2352,3,1980,8
60.8972561713048,3351,3,1980,8
66.2479126328406,607,3,1980,8
67.5078571504064,766,3,1980,8
67.2851055190673,156,3,1980,8
62.9515477071271,11540,3,1980,8
63.7034057780538,1572,3,1980,8
68.3365301325916,2,3,1980,8
65.0178128739542,16,3,1980,8
60.3245679362645,152,3,1980,8
68.8114465944608,12336,3,1980,8
65.7065483810612,337,3,1980,8
66.2538226275295,1007,3,1980,8
69.2267847560421,39391,3,1980,8
65.4174152787461,1075,3,1980,8
67.6035813499351,6634,3,1980,8
69.2835322688604,746,3,1980,8
66.2234278928356,806,3,1980,8
61.976800558164,5,3,1980,8
69.145392227589,228,3,1980,8
66.7273505465658,8172,3,1980,8
64.5383960419359,6436,3,1980,8
62.275372312191,15,3,1980,8
64.9377274545129,4944,3,1980,8
64.2729626350511,22,3,1980,8
61.9378383968459,853,3,1980,8
69.3992349466261,93,3,1980,8
69.0359567803492,883,3,1980,8
64.33695831918,9306,3,1980,8
69.38107843897,5,3,1980,8
69.0225256892061,1575,3,1980,8
60.6115230686107,9087,3,1980,8
59.8231575939263,6,3,1980,7
63.4660436054292,6445,3,1980,8
69.3901315967122,6246,3,1980,8
64.7933107381187,693,3,1980,8
67.7930010764802,887,3,1980,8
67.0527778440368,5639,3,1980,8
69.1661199124631,2,3,1980,8
59.9628210232317,7219,3,1980,7
60.1876476077187,2,3,1980,8
66.3370219098092,1077,3,1980,8
68.56659051037,4,3,1980,8
62.6155464455708,15,3,1980,8
61.6432164390637,1359,3,1980,8
62.1296973946996,2376,3,1980,8
67.2743201988416,264,3,1980,8
69.2584335426012,47,3,1980,8
67.4039727684382,1894,3,1980,8
75.555774223316,0,3,1980,8
75.5205493188842,0,3,1980,8
76.134102753451,18690,3,1980,8
77.8903245349503,105,3,1980,8
75.3687198660305,120,3,1980,8
71.1222799086257,12028,3,1980,8
75.2151244144668,1174,3,1980,8
70.5080516547826,10977,3,1980,8
71.9231651694467,8956,3,1980,8
76.2245045844456,5994,3,1980,8
74.0410409024627,43,3,1980,8
77.2737909303356,677,3,1980,8
76.2679061125357,6310,3,1980,8
73.9486021428218,651,3,1980,8
73.4723311753607,1684,3,1980,8
73.7734315360786,2911,3,1980,8
72.7426037898886,1831,3,1980,8
73.8996115320284,1462,3,1980,8
77.3089717821914,688,3,1980,8
73.1994772179666,221,3,1980,8
77.7408330911942,601,3,1980,8
72.7651073598618,8231,3,1980,8
72.6586001356658,7062,3,1980,8
77.4948838992144,915,3,1980,8
76.9709771233549,13,3,1980,8
70.9310936272121,7709,3,1980,8
72.3695826907941,6320,3,1980,8
74.608980891274,1008,3,1980,8
69.830855804387,4290,3,1980,8
73.7060514521658,1694,3,1980,8
71.2216294631701,14775,3,1980,8
77.596839543438,146,3,1980,8
76.2617739356031,144,3,1980,8
70.687236828039,2455,3,1980,8
75.0346722571258,1689,3,1980,8
76.0108787873893,981,3,1980,8
2.10542807265991,0,4,1982,1
1.00000038746436,0,4,1982,1
1.00141390695323,0,4,1982,1
3.6578777364434,0,4,1982,1
1.00934059789591,0,4,1982,1
1.00000000000062,0,4,1982,1
6.28087936430142,0,4,1982,2
11.872966197218,0,4,1982,3
17.2898897693233,0,4,1982,3
17.4521824624738,0,4,1982,3
19.5295149225182,0,4,1982,3
18.3086870916216,0,4,1982,3
13.8244589630906,0,4,1982,3
10.6221941682074,0,4,1982,3
14.947597089332,0,4,1982,3
15.5155798050775,0,4,1982,3
19.4817659877626,0,4,1982,3
15.9305264717827,690,4,1982,3
15.4825432979773,4399,4,1982,3
16.3170799434696,3906,4,1982,3
13.9711425984924,2838,4,1982,3
14.8648283309361,82,4,1982,3
10.417210174304,1810,4,1982,3
11.3436005682317,509,4,1982,3
17.6703997434151,67,4,1982,3
19.5520074523832,2122,4,1982,3
17.246881789399,7057,4,1982,3
17.5781457724302,796,4,1982,3
20.1694533242903,0,4,1982,4
24.3330692582906,0,4,1982,4
28.4759605007169,0,4,1982,4
28.8785910338701,0,4,1982,4
20.0308710951885,0,4,1982,4
25.1127550627465,0,4,1982,4
23.6674578761846,734,4,1982,4
23.4418055860997,2502,4,1982,4
23.1517321574594,1599,4,1982,4
29.5830467822947,765,4,1982,4
20.9956848426232,1228,4,1982,4
20.1686083173633,1147,4,1982,4
25.7617195454329,957,4,1982,4
22.8105774958916,2346,4,1982,4
29.2980434578556,755,4,1982,4
29.7080075539813,309,4,1982,4
26.8592868631683,195,4,1982,4
23.7355818730867,300,4,1982,4
21.9955335735958,587,4,1982,4
24.3753208998709,540,4,1982,4
28.1782819597808,1145,4,1982,4
24.8302745094653,1690,4,1982,4
21.2602226626912,2141,4,1982,4
37.2861317883896,0,4,1982,5
38.1014465390646,0,4,1982,5
38.4981828047354,0,4,1982,5
39.3695625334747,0,4,1982,5
31.7198216107826,0,4,1982,5
34.8666609093564,0,4,1982,5
35.6296740049787,0,4,1982,5
35.8210257575726,0,4,1982,5
31.8686749302368,0,4,1982,5
33.839362569531,0,4,1982,5
34.0366359470225,0,4,1982,5
35.4937203362169,0,4,1982,5
31.7007046561499,0,4,1982,5
30.9743449527246,0,4,1982,5
36.872182214179,0,4,1982,5
33.832772140764,0,4,1982,5
34.4811904722196,1668,4,1982,5
33.6308569943618,3961,4,1982,5
39.7331533261995,1720,4,1982,5
30.1832829854364,3032,4,1982,5
33.2506731752864,1031,4,1982,5
32.2699359131327,9000,4,1982,5
38.4350201874538,1031,4,1982,5
34.483007437873,186,4,1982,5
31.2177093252775,2813,4,1982,5
33.8090946081602,20,4,1982,5
35.0096687588897,2286,4,1982,5
41.0625407695049,0,4,1982,6
49.8398430257908,0,4,1982,6
42.2864591813229,0,4,1982,6
40.27745725825,0,4,1982,6
49.575818178315,0,4,1982,6
49.7696735786135,0,4,1982,6
48.3499761761953,1209,4,1982,6
42.0682430975509,6222,4,1982,6
40.0036430139265,10242,4,1982,6
44.8336627344777,8782,4,1982,6
49.5811185056562,12392,4,1982,6
41.9869411295248,538,4,1982,6
47.9279382737349,8723,4,1982,6
59.8516943716012,0,4,1982,7
55.1125505806088,0,4,1982,7
58.6591499713692,0,4,1982,7
50.2856498072664,0,4,1982,7
57.6620045108129,0,4,1982,7
54.9084074401691,0,4,1982,7
54.6848206464352,0,4,1982,7
50.9193628198373,0,4,1982,7
50.3868116495662,0,4,1982,7
57.448055360911,0,4,1982,7
56.9445830755682,1519,4,1982,7
51.2378852940511,368,4,1982,7
59.6405504648341,867,4,1982,7
50.9664385919472,357,4,1982,7
50.0000867437663,225,4,1982,7
59.1689454947483,158,4,1982,7
52.9873838862912,816,4,1982,7
56.926137516132,809,4,1982,7
54.8920632641997,638,4,1982,7
51.4816762611179,101,4,1982,7
52.7072329916152,723,4,1982,7
55.1607336572579,335,4,1982,7
52.3609316569852,877,4,1982,7
54.1455383537792,1300,4,1982,7
56.4867132887447,352,4,1982,7
57.31016820371,419,4,1982,7
64.3176875820224,0,4,1982,8
64.7242658276369,0,4,1982,8
65.2758728616919,473,4,1982,8
60.4455440947394,1156,4,1982,8
62.5428318058439,738,4,1982,8
62.924666992492,966,4,1982,8
65.8910191802255,1368,4,1982,8
65.5689750731013,110,4,1982,8
61.3653979048511,1246,4,1982,8
1.02262189403836,0,5,1982,1
4.89871633160735,0,5,1982,1
4.79245788753679,0,5,1982,1
4.47277169138183,0,5,1982,1
1.24297113429643,0,5,1982,1
1.1119327370694,0,5,1982,1
1.27830364439726,0,5,1982,1
2.28181640258258,0,5,1982,1
1.03582764408337,0,5,1982,1
1.00316120845227,0,5,1982,1
1.46593820789408,0,5,1982,1
1.00004346030499,0,5,1982,1
4.82664141820078,0,5,1982,1
1.00000110481312,0,5,1982,1
1.08442737795777,0,5,1982,1
2.26091668439453,93,5,1982,1
1.95695189304388,93,5,1982,1
5.28419038175088,0,5,1982,2
5.00047796332381,0,5,1982,2
5.06911984714535,0,5,1982,2
5.0602913022871,0,5,1982,2
6.30239612247363,0,5,1982,2
6.263760397426,0,5,1982,2
5.24132456280582,0,5,1982,2
7.69743878838982,0,5,1982,2
8.52512213470237,0,5,1982,2
6.1217950922248,925,5,1982,2
5.25516331773766,1951,5,1982,2
8.2296925608278,210,5,1982,2
8.60398860978604,66,5,1982,2
5.7769645537832,11069,5,1982,2
5.04727217758558,6028,5,1982,2
5.65262720874524,3134,5,1982,2
7.1175728592355,3176,5,1982,2
5.06539415170594,14631,5,1982,2
19.4125896648956,0,5,1982,3
19.7120054670182,0,5,1982,3
11.9997715898685,0,5,1982,3
15.7994677760893,0,5,1982,3
14.7745769875615,0,5,1982,3
14.1980179336975,0,5,1982,3
13.9185058648224,0,5,1982,3
18.466645069335,0,5,1982,3
18.7171963436882,0,5,1982,3
10.3864153403336,0,5,1982,3
12.5801808774012,0,5,1982,3
15.2637341259722,5850,5,1982,3
12.943161766788,4557,5,1982,3
11.9638588299216,1600,5,1982,3
11.7849584577899,5357,5,1982,3
15.1272959769307,491,5,1982,3
10.0416927090397,2619,5,1982,3
14.8892617314703,3072,5,1982,3
17.4580621799461,2335,5,1982,3
15.77089515613,1120,5,1982,3
14.8058329401634,1859,5,1982,3
12.3424759253464,4499,5,1982,3
12.2810473692317,7481,5,1982,3
18.865658067305,7676,5,1982,3
16.094145178152,873,5,1982,3
11.1565956523247,1875,5,1982,3
17.2925744230906,1615,5,1982,3
16.7735611637734,6178,5,1982,3
14.2128651718202,503,5,1982,3
10.7129102183818,1469,5,1982,3
15.5497256719124,4621,5,1982,3
10.7564868107435,2885,5,1982,3
17.0350535382074,1223,5,1982,3
12.0146493803823,1072,5,1982,3
15.1649691351825,3729,5,1982,3
14.1808969671105,1248,5,1982,3
13.0927708909827,312,5,1982,3
16.5358328624657,2339,5,1982,3
10.9740619168419,4239,5,1982,3
13.0840577953889,1490,5,1982,3
16.7805772919679,3324,5,1982,3
18.5214845042864,1058,5,1982,3
12.9089762357021,4446,5,1982,3
11.1582130419965,1310,5,1982,3
19.859123602585,563,5,1982,3
10.5246221830834,1710,5,1982,3
14.2444140916954,3558,5,1982,3
16.3575686884709,2766,5,1982,3
19.1211206896851,830,5,1982,3
13.4634023634811,1061,5,1982,3
10.4190583616563,3512,5,1982,3
12.6755753325614,1428,5,1982,3
13.8476277529614,5150,5,1982,3
17.9979704233019,593,5,1982,3
16.3868612758302,16796,5,1982,3
22.6294343884074,0,5,1982,4
24.7212762094271,0,5,1982,4
21.910637184549,0,5,1982,4
28.8252438773988,0,5,1982,4
29.8875503334218,0,5,1982,4
28.5021667407918,0,5,1982,4
29.4981560523967,0,5,1982,4
27.6530003688153,0,5,1982,4
25.4928599626465,0,5,1982,4
26.6476092332888,0,5,1982,4
26.5655414301904,0,5,1982,4
27.5256301908081,0,5,1982,4
23.7344284816715,0,5,1982,4
22.9342187745726,0,5,1982,4
24.9870810412751,0,5,1982,4
22.0121839272381,0,5,1982,4
25.5114715769072,0,5,1982,4
20.3332594699107,6698,5,1982,4
28.4923158592093,10891,5,1982,4
25.0097134251974,1167,5,1982,4
20.5076522375311,1440,5,1982,4
23.1976695780727,15076,5,1982,4
26.1606728934622,2439,5,1982,4
28.5116348985629,2115,5,1982,4
22.9027603395553,608,5,1982,4
20.7181193435706,584,5,1982,4
20.1308691694547,10156,5,1982,4
24.9775040792237,702,5,1982,4
26.8647081971878,2523,5,1982,4
28.3991332743166,2987,5,1982,4
29.8957843839328,943,5,1982,4
22.823641482329,7848,5,1982,4
23.2801112249185,5826,5,1982,4
20.518236598108,4681,5,1982,4
24.6409195906096,11970,5,1982,4
21.8840019563618,6879,5,1982,4
25.8462433632063,3877,5,1982,4
24.6559006408158,10370,5,1982,4
27.9613481748056,1874,5,1982,4
26.1174478531888,2214,5,1982,4
20.0994074402193,31132,5,1982,4
20.5494712218863,7027,5,1982,4
23.1554292677877,1270,5,1982,4
21.1063093710771,7923,5,1982,4
28.4830545098294,8859,5,1982,4
21.0067838503514,286,5,1982,4
20.4983324829062,3348,5,1982,4
27.0320995440991,9416,5,1982,4
21.584714420385,16990,5,1982,4
29.166520180924,5224,5,1982,4
25.4028222822225,11643,5,1982,4
28.9612375993041,23718,5,1982,4
26.3995075285084,765,5,1982,4
23.8634089716428,3741,5,1982,4
29.4725344651746,1447,5,1982,4
28.5964603607706,2034,5,1982,4
25.5015699892784,6014,5,1982,4
22.4161878751925,3101,5,1982,4
26.3758231621984,4401,5,1982,4
22.7869214433552,2642,5,1982,4
21.1347109361824,2084,5,1982,4
26.3441505786921,6808,5,1982,4
23.4624757664004,4378,5,1982,4
21.243649728688,3297,5,1982,4
22.0045598419154,7214,5,1982,4
28.3335385904434,2601,5,1982,4
29.471994226858,2063,5,1982,4
28.1952021037641,4561,5,1982,4
21.6526132639801,3333,5,1982,4
28.616150461295,4563,5,1982,4
22.7962571881901,4195,5,1982,4
29.6366364775906,3409,5,1982,4
29.6328922024359,1114,5,1982,4
39.6820497879419,0,5,1982,5
34.2011472331866,0,5,1982,5
32.6338468885111,0,5,1982,5
30.0116180885274,0,5,1982,5
39.0085217331658,0,5,1982,5
35.9446569031388,0,5,1982,5
38.1455290012836,0,5,1982,5
33.8873873194625,0,5,1982,5
30.5290561668231,0,5,1982,5
30.3127448192264,1011,5,1982,5
39.2898230020329,6522,5,1982,5
34.1104793806967,255,5,1982,5
30.7501221410015,18359,5,1982,5
37.7691373035616,599,5,1982,5
35.4258411541673,8528,5,1982,5
30.9944034560714,131,5,1982,5
38.5940206888618,4982,5,1982,5
35.23339016277,7832,5,1982,5
36.7127847929181,14335,5,1982,5
30.1166902083083,15209,5,1982,5
39.1089851014802,2903,5,1982,5
34.7617461325904,1349,5,1982,5
35.8213819722721,4284,5,1982,5
39.6256240018372,9490,5,1982,5
37.1504819254157,2554,5,1982,5
38.956267310374,1961,5,1982,5
39.5989931231973,3871,5,1982,5
33.0444033142718,5371,5,1982,5
30.3163479313316,1909,5,1982,5
37.4315375157861,4524,5,1982,5
38.5726217012395,23552,5,1982,5
31.3299830308441,5518,5,1982,5
39.7844037373456,9616,5,1982,5
31.4875288886763,2050,5,1982,5
33.4502717216823,15771,5,1982,5
32.9677657574434,8229,5,1982,5
30.4568310238919,4129,5,1982,5
39.4370424976134,3730,5,1982,5
33.9423646355246,7386,5,1982,5
36.9737466105656,3627,5,1982,5
39.864775580499,255,5,1982,5
36.692986703453,1931,5,1982,5
39.7009103404724,7325,5,1982,5
39.7140931716629,12499,5,1982,5
34.058058209666,5694,5,1982,5
33.7425613466535,9118,5,1982,5
39.8079340144918,9054,5,1982,5
39.3600746303923,5580,5,1982,5
31.4947259927886,11906,5,1982,5
37.7207367856754,11934,5,1982,5
35.7300024227207,7785,5,1982,5
30.6529741892436,17787,5,1982,5
35.0811339327084,709,5,1982,5
39.3328106223725,8971,5,1982,5
34.1965167905997,2204,5,1982,5
38.0525910718385,1034,5,1982,5
33.8956682427434,620,5,1982,5
39.4630779668288,16778,5,1982,5
33.6302128215415,2035,5,1982,5
39.6486090849479,765,5,1982,5
31.9849461276328,1839,5,1982,5
38.3201510122839,1323,5,1982,5
34.3765922007518,1673,5,1982,5
30.4182250236024,5854,5,1982,5
33.6998143379412,3617,5,1982,5
39.8627276996713,395,5,1982,5
38.604777217103,4801,5,1982,5
31.8166749576912,6231,5,1982,5
30.1038228671466,4679,5,1982,5
32.4969032335489,26805,5,1982,5
39.6503173558775,1989,5,1982,5
32.4836206249855,12062,5,1982,5
39.6867246747911,5137,5,1982,5
35.9669829489399,1251,5,1982,5
34.1450598179781,10511,5,1982,5
37.5397791718654,251,5,1982,5
30.2199437273412,10496,5,1982,5
48.2018745579498,0,5,1982,6
42.9419481880364,0,5,1982,6
47.4426820539061,0,5,1982,6
49.8462623683888,0,5,1982,6
47.6044060000582,0,5,1982,6
49.4414443372264,0,5,1982,6
49.7187921379353,0,5,1982,6
44.7024928210274,0,5,1982,6
46.4396814224687,0,5,1982,6
41.2540710384752,0,5,1982,6
48.5402706981161,5692,5,1982,6
45.4586693413119,22070,5,1982,6
42.690123408699,37594,5,1982,6
44.5759317045286,11452,5,1982,6
46.9966838801915,2656,5,1982,6
46.1481171845865,4097,5,1982,6
49.7694298837716,6559,5,1982,6
41.9447890389425,6033,5,1982,6
46.7377378018165,11920,5,1982,6
49.2106102782306,35346,5,1982,6
49.3477180773455,3425,5,1982,6
41.2231880313604,5774,5,1982,6
44.6304463642871,8543,5,1982,6
40.821714756232,13793,5,1982,6
43.4109720270311,2597,5,1982,6
47.0302208085608,27325,5,1982,6
43.9531429085817,3960,5,1982,6
44.8344909664092,3137,5,1982,6
41.6741064967504,312,5,1982,6
46.4024143893598,7624,5,1982,6
49.3695479973679,29696,5,1982,6
47.8003064103789,13869,5,1982,6
44.9602361789059,4650,5,1982,6
48.2413636627268,19083,5,1982,6
48.0332369262279,2155,5,1982,6
41.7413079845664,18003,5,1982,6
41.6719077412571,26484,5,1982,6
46.0231995516266,10076,5,1982,6
40.0890699187778,7119,5,1982,6
44.5516189831015,7512,5,1982,6
47.8552544620803,2099,5,1982,6
44.0114726884989,3418,5,1982,6
49.7672837881619,2133,5,1982,6
48.2980698200753,9549,5,1982,6
40.9642946784507,961,5,1982,6
42.7337699440457,16891,5,1982,6
49.042898089343,4425,5,1982,6
40.6573871595754,4137,5,1982,6
47.3840761757351,26269,5,1982,6
40.3430934556086,3740,5,1982,6
45.661489825424,7096,5,1982,6
41.1858243944454,23715,5,1982,6
41.5346323144674,5101,5,1982,6
42.0195734051607,17741,5,1982,6
40.0936691281732,5170,5,1982,6
40.0935474730485,12879,5,1982,6
47.5692240514874,4094,5,1982,6
48.2836383397107,4465,5,1982,6
42.4216749285085,33271,5,1982,6
47.8396419174251,3121,5,1982,6
47.6839210730908,4807,5,1982,6
40.763996714639,38631,5,1982,6
47.9657045814972,48462,5,1982,6
49.7508705127,2115,5,1982,6
46.4218834262105,22138,5,1982,6
40.0035348928476,28812,5,1982,6
44.8990669337838,19938,5,1982,6
42.7913301854175,20597,5,1982,6
45.6909946857568,4279,5,1982,6
47.2374536918689,3939,5,1982,6
41.622848228103,13759,5,1982,6
41.2325428749894,34904,5,1982,6
50.206041922024,0,5,1982,7
53.6163154315465,0,5,1982,7
52.632182020904,0,5,1982,7
56.755496235195,0,5,1982,7
50.4288855835961,0,5,1982,7
59.1753069435069,0,5,1982,7
57.5285463748766,0,5,1982,7
53.4388211509835,0,5,1982,7
55.607340414377,0,5,1982,7
54.3851298030935,0,5,1982,7
53.6793850875814,10394,5,1982,7
55.3821911358412,2170,5,1982,7
59.5109000050248,2073,5,1982,7
59.1751982874729,13401,5,1982,7
58.9374333609525,1904,5,1982,7
55.3617229762937,17554,5,1982,7
56.2788710035757,13628,5,1982,7
54.0050104320128,4859,5,1982,7
51.3445858220755,2829,5,1982,7
55.4564433391068,4595,5,1982,7
59.4297502806364,120,5,1982,7
54.9484330094841,6278,5,1982,7
51.0275448281312,3830,5,1982,7
55.7569250331304,3122,5,1982,7
51.829624824766,574,5,1982,7
52.4344880216966,720,5,1982,7
52.1807403511579,6003,5,1982,7
50.443685512103,13279,5,1982,7
54.6666689317495,8002,5,1982,7
52.0638133010636,3154,5,1982,7
52.7375906392043,6655,5,1982,7
58.3393167355377,42,5,1982,7
57.5451804410088,27363,5,1982,7
50.4594138487953,12598,5,1982,7
56.6705091746746,24447,5,1982,7
56.4147494537286,1628,5,1982,7
53.4378871192784,8622,5,1982,7
54.2003359737308,19758,5,1982,7
56.2276150505572,2172,5,1982,7
51.846307729284,17473,5,1982,7
51.6581837027782,9816,5,1982,7
50.5545957061303,8925,5,1982,7
53.9353607065741,18954,5,1982,7
58.1615267627987,16901,5,1982,7
54.4093987384768,5593,5,1982,7
54.2706763558251,23005,5,1982,7
55.6267037417669,326,5,1982,7
51.0084565922614,4924,5,1982,7
50.0361160752009,90,5,1982,7
54.5473065945368,9215,5,1982,7
59.2315555074837,4757,5,1982,7
55.764990913272,2292,5,1982,7
53.2370534009315,9934,5,1982,7
58.89515148337,1133,5,1982,7
55.6065112030086,19766,5,1982,7
58.4340738703319,4758,5,1982,7
58.6154775298937,3481,5,1982,7
59.8927977477277,3121,5,1982,7
59.1260731765316,298,5,1982,7
59.5270617311677,11024,5,1982,7
54.5362738808389,21523,5,1982,7
53.009580923519,97,5,1982,7
52.6327412513948,4727,5,1982,7
59.7192398453016,1613,5,1982,7
59.4711034501075,30243,5,1982,7
57.5089838534098,5776,5,1982,7
55.3529905635694,2120,5,1982,7
56.334478730344,3823,5,1982,7
59.1511777027443,2768,5,1982,7
51.1795035565282,19511,5,1982,7
57.2053468077053,1697,5,1982,7
52.4311049032191,14062,5,1982,7
59.703151602947,28398,5,1982,7
50.2758172897104,19098,5,1982,7
62.5769266671493,0,5,1982,8
60.9657612691666,0,5,1982,8
68.0702311707461,0,5,1982,8
62.3740165044127,0,5,1982,8
61.6668451192973,0,5,1982,8
61.4441856917433,0,5,1982,8
65.4017450682181,0,5,1982,8
64.2547261854318,0,5,1982,8
60.4806014423727,17144,5,1982,8
63.670796652998,15381,5,1982,8
60.83281552913,19460,5,1982,8
68.6800423025053,11919,5,1982,8
60.7595917967288,16290,5,1982,8
60.6281431759516,11852,5,1982,8
62.0341337102322,13312,5,1982,8
62.261657093737,16892,5,1982,8
62.4150919553726,11744,5,1982,8
63.5825987173313,15097,5,1982,8
61.4543659952274,17284,5,1982,8
67.479097525053,16687,5,1982,8
60.6229580464247,11450,5,1982,8
63.8293449917598,13179,5,1982,8
67.9593956277691,13375,5,1982,8
67.2289242080576,15085,5,1982,8
67.5593528759932,15722,5,1982,8
63.5250947935755,13978,5,1982,8
64.5242373553906,15446,5,1982,8
60.7575426523035,15378,5,1982,8
61.316013435651,13023,5,1982,8
60.8683059823338,13423,5,1982,8
60.4081438284895,16433,5,1982,8
63.1344509569464,16670,5,1982,8
60.3456794726225,17502,5,1982,8
61.8145177641298,12483,5,1982,8
60.8772024855493,10017,5,1982,8
69.923543908525,13950,5,1982,8
65.4551358416554,26325,5,1982,8
68.4143980080562,13700,5,1982,8
63.9743625965445,12274,5,1982,8
62.5740370554745,11917,5,1982,8
64.1702431709125,10973,5,1982,8
63.1289219856439,15640,5,1982,8
66.7283155772143,8280,5,1982,8
62.392146292119,11813,5,1982,8
62.002927828077,11226,5,1982,8
60.4114525784104,6589,5,1982,8
61.8459182301977,15026,5,1982,8
